Indiv_ID,Brood_ID,loc1.1,loc1.2,loc2.1,loc2.2,loc3.1,loc3.2
AJ637,AJ637,6,9,16,17,6,15
AA154,AA154,5,9,16,16,,
AJ651,AJ651,9,9,9,16,6,6
AA294,AA294,6,9,13,17,2,6
AJ616,AJ616,5,6,8,16,2,5
AA989,AA989,1,6,9,16,5,6
J1996,J1996,5,6,9,13,2,6
AA778,AA778,9,9,6,10,3,5
AJ512,AJ512,9,9,13,16,,
AJ696,AJ696,5,5,5,9,4,14
AA760,AA760,6,6,12,16,4,6
AJ593,AJ593,6,6,16,16,,
AA444,AA444,9,9,9,16,4,5
AA807,AA807,5,9,,,,
AA730,AA730,5,9,,,,
AA887,AA887,5,9,12,16,,
AA721,AA721,6,9,,,,
AA133,AA133,6,9,5,16,,
AA993,AA993,3,9,7,16,2,4
AJ659,AJ659,9,9,8,16,4,6
AA762,AA762,9,9,5,7,4,6
AJ654,AJ654,1,3,,,4,5
AJ656,AJ656,1,5,7,16,3,11
AJ652,AJ652,5,6,6,9,4,6
AA454,AA454,9,9,6,9,4,6
J1395,J1395,9,6,10,16,1,3
