Indiv_ID,Brood_ID,Clutch_Num,loc1.1,loc1.2,loc2.1,loc2.2,loc3.1,loc3.2
1,AJ637,1,6,9,16,17,6,15
2,AJ637,1,,,,,15,4
3,AJ637,1,6,9,16,17,6,4
4,AJ637,1,6,9,16,17,6,4
5,AJ637,1,6,6,16,17,,
6,AJ637,1,6,6,16,17,6,4
7,AJ637,1,6,6,16,17,6,4
8,AJ637,1,6,9,16,16,,
9,AJ637,1,6,6,16,17,6,6
10,AJ637,1,6,9,16,17,15,4
11,AJ637,1,6,9,16,17,15,4
12,AJ637,1,6,6,16,16,15,4
13,AJ637,1,,,,,6,15
14,AJ637,1,6,6,16,16,6,4
16,AA154,1,5,6,6,16,6,6
17,AA154,1,,,,,5,6
18,AA154,2,5,6,6,16,6,6
19,AA154,2,5,6,6,16,6,6
20,AA154,2,9,9,16,16,,
21,AA154,2,9,9,16,16,,
22,AA154,2,5,9,16,6,6,6
23,AA154,2,9,6,16,6,6,6
24,AA154,2,9,6,16,6,6,6
25,AA154,2,5,9,16,9,,
26,AA154,2,5,9,16,16,,
27,AA154,2,9,6,16,16,6,6
28,AJ651,1,9,9,16,16,6,4
29,AJ651,1,9,9,16,16,6,4
30,AJ651,1,9,9,16,16,6,4
31,AJ651,1,9,9,9,16,6,4
32,AJ651,1,5,9,16,16,6,4
33,AA294,1,6,6,13,16,2,4
34,AA294,1,,,,,6,11
35,AJ616,1,6,9,,,2,4
36,AJ616,1,5,6,8,16,2,4
37,AJ616,1,6,9,8,7,5,7
38,AJ616,1,5,9,8,7,5,4
39,AJ616,1,,,16,16,5,6
40,AJ616,1,6,6,16,7,2,7
41,AJ616,1,6,9,16,7,2,7
42,AJ616,1,5,9,,,2,4
43,AJ616,1,6,6,8,16,2,4
44,AJ616,1,5,6,16,7,5,7
45,AA989,1,1,6,9,7,6,6
46,AA989,1,1,6,9,16,5,6
47,AA989,1,1,6,16,7,6,6
48,AA989,1,1,1,9,9,5,6
49,J1996,1,5,6,9,9,6,6
50,J1996,1,6,6,13,16,6,6
51,J1996,1,,,,,6,4
52,J1996,1,5,6,13,16,6,6
53,J1996,1,6,6,13,16,6,4
54,J1996,1,5,5,9,16,6,11
55,J1996,1,5,6,9,9,6,4
56,J1996,2,6,6,9,16,2,6
57,J1996,2,5,9,9,16,6,11
58,J1996,2,6,6,9,13,2,4
59,J1996,2,,,13,16,6,6
60,AA778,1,9,6,10,16,5,5
61,AA778,1,9,5,10,16,3,6
62,AA778,1,9,6,,,5,6
63,AJ512,1,9,9,16,16,,
64,AJ512,1,9,9,,,,
65,AJ512,1,9,9,13,16,,
66,AJ696,1,5,9,9,1,4,14
67,AJ696,1,5,9,9,1,4,14
68,AJ696,1,5,9,9,13,4,14
69,AJ696,1,5,9,9,1,4,6
70,AJ696,1,5,9,5,1,4,4
71,AJ696,1,5,6,5,16,4,6
72,AJ696,1,5,9,,,4,6
73,AA760,1,,,16,16,6,5
74,AA760,1,,,16,6,4,5
75,AA760,1,6,6,12,6,6,5
76,AA760,2,6,6,16,16,4,4
77,AA760,2,,,12,6,6,5
78,AA760,2,6,5,12,9,6,6
79,AA760,2,6,6,,,6,6
80,AA760,2,6,5,12,6,4,5
81,AA760,2,6,5,,,,
82,AA760,2,6,6,12,9,6,5
83,AJ593,1,6,9,16,8,,
84,AJ593,1,6,9,16,9,,
85,AA444,1,9,1,9,16,4,5
86,AA444,1,9,1,9,16,4,5
87,AA444,1,9,6,16,16,4,2
88,AA444,1,9,6,9,16,4,5
89,AA444,1,9,6,9,9,,
90,AA444,1,,,,,4,4
91,AA444,1,9,6,9,9,4,5
92,AA444,1,9,6,9,16,5,2
93,AA807,1,9,9,6,16,,
94,AA807,2,5,3,,,,
95,AA807,2,5,6,7,5,,
96,AA807,2,5,3,7,7,,
97,AA730,1,9,9,7,17,,
98,AA730,1,5,6,5,7,,
99,AA730,1,9,9,,,,
100,AA730,1,9,6,,,,
101,AA730,1,5,9,,,,
102,AA730,1,5,9,1,7,,
103,AA730,1,6,9,18,7,,
104,AA730,1,5,6,,,,
105,AA887,1,9,9,,,,
106,AA887,1,5,5,12,3,,
107,AA887,1,,,12,16,,
108,AA887,2,5,9,12,16,,
109,AA887,2,9,6,16,3,,
110,AA721,1,6,9,1,6,,
111,AA721,1,6,9,1,6,,
112,AA721,1,,,6,16,,
113,AA721,2,6,9,19,16,,
114,AA133,1,6,6,16,6,,
115,AA133,1,6,6,5,16,,
116,AA133,1,9,9,5,19,,
117,AA133,1,5,6,5,16,,
118,AA133,1,9,6,16,16,,
119,AA133,1,6,6,5,16,,
120,AA133,2,6,6,16,19,,
121,AA133,2,,,16,16,,
122,AA993,1,3,6,7,12,4,4
123,AA993,1,9,6,16,16,2,4
124,AA993,2,9,6,16,16,2,4
125,AA993,2,,,7,12,4,4
126,AA993,2,9,9,,,,
127,AA993,2,9,9,7,7,2,4
128,AJ659,1,9,9,8,16,2,4
129,AJ659,1,9,9,8,16,2,4
130,AJ659,1,9,9,8,16,2,4
131,AJ659,1,,,,,4,6
132,AJ659,1,9,9,8,8,4,5
133,AA762,1,9,5,5,16,4,6
134,AA762,1,9,5,5,16,4,6
135,AA762,1,9,5,7,16,4,6
136,AA762,1,9,9,7,16,4,6
137,AA762,1,9,6,7,3,4,6
138,AA762,2,9,5,7,16,6,6
139,AA762,2,9,6,7,3,6,2
140,AA762,2,9,9,7,16,6,2
141,AA762,2,9,9,5,16,4,6
142,AA762,2,9,9,7,16,6,6
143,AA762,2,9,9,7,3,6,2
144,AA762,2,9,5,5,16,6,6
145,AA762,2,9,9,7,3,4,6
146,AA762,2,9,5,7,16,4,6
147,AJ654,1,1,9,6,16,5,11
148,AJ654,1,3,6,6,16,4,11
149,AJ654,1,1,9,6,16,5,11
150,AJ654,1,1,6,16,16,4,11
151,AJ654,1,1,6,6,8,5,11
152,AJ654,1,3,6,16,16,4,6
153,AJ654,1,1,9,16,16,5,11
154,AJ656,1,5,9,7,16,11,6
155,AJ656,1,1,6,7,1,3,6
156,AJ656,1,1,5,7,16,3,2
157,AJ656,1,1,6,7,16,11,5
158,AJ656,1,5,6,7,16,11,2
159,AJ656,1,5,5,16,12,11,5
160,AJ562,1,,,,,4,11
161,AJ562,1,5,9,9,7,,
162,AJ562,1,6,9,6,5,,
163,AA454,1,9,6,6,9,4,4
164,AA454,1,9,5,6,13,6,6
165,AA454,1,9,9,6,1,4,6
166,AA454,1,9,5,9,13,4,2
167,AA454,1,,,9,1,6,6
168,J1395,1,9,5,,,3,2
169,J1395,1,6,9,16,16,1,6
170,J1395,1,6,6,16,16,3,6
171,J1395,1,9,9,16,16,1,4
172,J1395,1,6,9,16,16,1,4
173,J1395,1,6,9,10,16,1,4
174,J1395,1,9,9,16,16,1,6
175,J1395,1,6,9,16,16,1,6
176,J1395,1,6,6,10,19,1,2
